"Obs_ID","Study_ID","Authors_and_Year","Year","Taxon","Taxon_Phylo","Class","Class_Order","Speciation_proxy","SexSel_measure","SexSel_proxy","SexSel_proxy_mechanism","SexSel_proxy_stage","SexSel_proxy_sex","PhyloCorrection","N_r","r","r_Var","r_lCI","r_uCI","z","z_Var","z_lCI","z_uCI"
1,1,"D Urban Jackson et al. 2017",2017,"Charadriidae","Charadriidae","Aves",6,"Species richness","Mating system","Mating system","Both","Both","Both","Yes",135,-0.1921,0.0069,-0.354909827713194,-0.0292901722868057,-0.1945,0.0076,-0.362968838586794,-0.0212311614132056
2,2,"Furness et al. 2019",2019,"Poeciliinae","Poeciliinae","Actinopterygii",3,"Speciation rate","Male courtship","Trait","Choice","Pre-mating","Male","Yes",150,0.2414,0.006,0.0895790528286693,0.393220947171331,0.2463,0.0068,0.0797742594757877,0.403025740524212
3,2,"Furness et al. 2019",2019,"Poeciliinae","Poeciliinae","Actinopterygii",3,"Speciation rate","Male ornamentation","Trait","Choice","Pre-mating","Male","Yes",150,0.3651,0.005,0.226507070887437,0.503692929112563,0.3828,0.0068,0.203474259475788,0.526725740524212
4,2,"Furness et al. 2019",2019,"Poeciliinae","Poeciliinae","Actinopterygii",3,"Speciation rate","Sexual dichromatism","Dichromatism","Choice","Pre-mating","Both","Yes",150,0.418,0.0046,0.285066332330745,0.550933667669255,0.4453,0.0068,0.256374259475788,0.579625740524212
5,3,"Gage et al. 2002",2002,"Mammalia","Mammalia","Mammalia",7,"Species richness","Sexual size dimorphism","Sexual size dimorphism","Competition","Pre-mating","Both","Yes",40,0.0447,0.0255,-0.268286900684358,0.357686900684358,0.0448,0.027,-0.277360863813038,0.366760863813038
6,3,"Gage et al. 2002",2002,"Mammalia","Mammalia","Mammalia",7,"Species richness","Residual testes weight","Trait","Competition","Post-mating","Male","Yes",6,0.3742,0.1479,-0.379572273302753,1.12797227330275,0.3933,0.3333,-0.757349945870707,1.50574994587071
7,3,"Gage et al. 2002",2002,"Lepidoptera","Lepidoptera","Insecta",2,"Species richness","Sexual size dimorphism","Sexual size dimorphism","Competition","Pre-mating","Both","Yes",105,0.0632,0.0095,-0.127837169158256,0.254237169158256,0.0633,0.0098,-0.130830100757589,0.257230100757589
8,3,"Gage et al. 2002",2002,"Lepidoptera","Lepidoptera","Insecta",2,"Species richness","Spermatophore count","Trait","Competition","Post-mating","Male","Yes",53,0.1304,0.0186,-0.136908361260923,0.397708361260923,0.1311,0.02,-0.146785858225127,0.407585858225127
9,3,"Gage et al. 2002",2002,"Araneae","Araneae","Arachnida",1,"Species richness","Sexual size dimorphism","Sexual size dimorphism","Competition","Pre-mating","Both","Yes",130,0.0775,0.0077,-0.0944893019928856,0.249489301992886,0.0776,0.0079,-0.0967086105793856,0.251708610579386
10,4,"Katzourakis et al. 2001",2001,"Syrphidae","Syrphidae","Insecta",2,"Species richness","Spermathecal width","Other","Competition","Post-mating","Female","Yes",41,0.2038,0.023,-0.0934487174068208,0.501048717406821,0.2067,0.0263,-0.114058584908446,0.521658584908446
11,4,"Katzourakis et al. 2001",2001,"Syrphidae","Syrphidae","Insecta",2,"Species richness","Testis length","Trait","Competition","Post-mating","Male","Yes",40,0.171,0.0242,-0.133904444047639,0.475904444047639,0.1727,0.027,-0.151060863813038,0.493060863813038
12,5,"Mank et al. 2007",2007,"Actinopterygii","Actinopterygii","Actinopterygii",3,"Species richness","Presence of sexually selected traits","Trait","Choice","Pre-mating","Both","No",18,0.7318,0.0127,0.510919217676141,0.952680782323859,0.9326,0.0667,0.225603674450318,1.23799632554968
13,6,"Nunn et al. 2004",2004,"Primates","Primates","Mammalia",7,"Species richness","Sexual size dimorphism","Sexual size dimorphism","Competition","Pre-mating","Both","Yes",72,-0.1878,0.0131,-0.412132253588288,0.0365322535882881,-0.1901,0.0145,-0.423815253744329,0.048215253744329
14,6,"Nunn et al. 2004",2004,"Primates","Primates","Mammalia",7,"Species richness","Dimorphism of canine","Trait","Competition","Pre-mating","Both","Yes",41,-0.1735,0.0235,-0.473962310448415,0.126962310448415,-0.1753,0.0263,-0.491358584908446,0.144358584908446
15,6,"Nunn et al. 2004",2004,"Primates","Primates","Mammalia",7,"Species richness","Presence of sexual swellings","Trait","Choice","Pre-mating","Both","Yes",5,-0.1817,0.2338,-1.12941624445295,0.766016244452948,-0.1837,0.5,-1.56762929112563,1.20422929112563
16,6,"Nunn et al. 2004",2004,"Primates","Primates","Mammalia",7,"Species richness","Sexual dichromatism","Dichromatism","Choice","Pre-mating","Both","Yes",5,-0.7607,0.0444,-1.17369762711183,-0.347702372888173,-0.9979,0.5,-2.14662929112563,0.625229291125633
17,6,"Nunn et al. 2004",2004,"Primates","Primates","Mammalia",7,"Species richness","Presence of bright genitalia","Trait","Choice","Pre-mating","Both","Yes",7,-0.5914,0.0705,-1.11181598745619,-0.0709840125438113,-0.6798,0.25,-1.5714,0.3886
18,7,"Owens et al. 1999",1999,"Aves","Aves","Aves",6,"Species richness","Mating system","Mating system","Both","Both","Both","No",10,0.01,0.1111,-0.643300665849959,0.663300665849959,0.01,0.1429,-0.730921480320283,0.750921480320283
19,7,"Owens et al. 1999",1999,"Aves","Aves","Aves",6,"Species richness","Sexual size dimorphism","Sexual size dimorphism","Competition","Pre-mating","Both","No",23,0.087,0.0448,-0.327853805574928,0.501853805574928,0.0872,0.05,-0.351269323589959,0.525269323589959
20,7,"Owens et al. 1999",1999,"Aves","Aves","Aves",6,"Species richness","Plumage dichromatism","Dichromatism","Choice","Pre-mating","Both","No",22,0.4091,0.033,0.053048318358135,0.765151681641865,0.4345,0.0526,-0.0404199216942448,0.858619921694245
21,8,"Ritchie et al. 2005",2005,"Goodeidae","Goodeidae","Actinopterygii",3,"Speciation rate","Dimorphism of size and fin","Sexual size dimorphism","Competition","Pre-mating","Both","Yes",16,0.1875,0.0621,-0.300929483139583,0.675929483139583,0.1897,0.0769,-0.356024645255392,0.731024645255392
22,9,"Price-Waldman et al. 2020",2020,"Thraupidae","Thraupidae","Aves",6,"Speciation rate","Plumage colour span","Trait","Choice","Pre-mating","Male","Yes",130,-0.003,0.0078,-0.176102512980026,0.170102512980026,-0.003,0.0079,-0.177208610579386,0.171208610579386
23,9,"Price-Waldman et al. 2020",2020,"Thraupidae","Thraupidae","Aves",6,"Speciation rate","Plumage colour volume","Trait","Choice","Pre-mating","Male","Yes",114,0.01,0.0088,-0.173864297785078,0.193864297785078,0.01,0.009,-0.175941926417901,0.195941926417901
24,9,"Price-Waldman et al. 2020",2020,"Thraupidae","Thraupidae","Aves",6,"Speciation rate","Plumage hue disparity","Trait","Choice","Pre-mating","Male","Yes",110,-0.1,0.009,-0.285941926417901,0.0859419264179007,-0.1003,0.0093,-0.289015554915462,0.0890155549154619
25,9,"Price-Waldman et al. 2020",2020,"Thraupidae","Thraupidae","Aves",6,"Speciation rate","Plumage brilliance","Trait","Choice","Pre-mating","Male","Yes",100,-0.07,0.01,-0.266,0.126,-0.0701,0.0103,-0.268918274675808,0.128918274675807
26,9,"Price-Waldman et al. 2020",2020,"Thraupidae","Thraupidae","Aves",6,"Speciation rate","Plumage chroma","Trait","Choice","Pre-mating","Male","Yes",100,0.05,0.0101,-0.146977562173969,0.246977562173969,0.05,0.0103,-0.148918274675807,0.248918274675808
27,10,"Barraclough et al. 1995",1995,"Passeriformes","Passeriformes","Aves",6,"Species richness","Sexual dichromatism","Dichromatism","Choice","Pre-mating","Both","No",31,0.3708,0.0248,0.062138891338737,0.679461108661263,0.3894,0.0357,0.00046890489725282,0.741131095102747
28,11,"Ingram et al. 2016",2016,"Anolis","Anolis","Squamata",5,"Speciation rate","Dewlap size","Trait","Choice","Pre-mating","Male","Yes",184,0.0509,0.0054,-0.0931299968756509,0.194929996875651,0.0509,0.0055,-0.094457490347075,0.196257490347075
29,12,"Miller et al. 2021",2021,"Anabantiformes","Anabantiformes","Actinopterygii",3,"Speciation rate","Sexual dichromatism","Dichromatism","Choice","Pre-mating","Both","Yes",120,0.1241,0.0081,-0.0523,0.3005,0.1247,0.0085,-0.0566030713629406,0.304803071362941
30,12,"Miller et al. 2021",2021,"Atheriniformes","Atheriniformes","Actinopterygii",3,"Speciation rate","Sexual dichromatism","Dichromatism","Choice","Pre-mating","Both","Yes",186,0.115,0.0053,-0.0276901538298982,0.257690153829898,0.1155,0.0055,-0.030357490347075,0.260357490347075
31,12,"Miller et al. 2021",2021,"Beloniformes","Beloniformes","Actinopterygii",3,"Speciation rate","Sexual dichromatism","Dichromatism","Choice","Pre-mating","Both","Yes",115,-0.0625,0.0087,-0.245316629440541,0.120316629440541,-0.0626,0.0089,-0.247406030188309,0.122406030188309
32,12,"Miller et al. 2021",2021,"Blenniiformes","Blenniiformes","Actinopterygii",3,"Speciation rate","Sexual dichromatism","Dichromatism","Choice","Pre-mating","Both","Yes",253,0.2057,0.0036,0.0881,0.3233,0.2087,0.004,0.0817387157213995,0.3296612842786
33,12,"Miller et al. 2021",2021,"Centrarchiformes","Centrarchiformes","Actinopterygii",3,"Speciation rate","Sexual dichromatism","Dichromatism","Choice","Pre-mating","Both","Yes",185,0.0202,0.0054,-0.123829996875651,0.164229996875651,0.0202,0.0055,-0.125157490347075,0.165557490347075
34,12,"Miller et al. 2021",2021,"Characiformes","Characiformes","Actinopterygii",3,"Speciation rate","Sexual dichromatism","Dichromatism","Choice","Pre-mating","Both","Yes",481,-0.0932,0.002,-0.180853864717992,-0.00554613528200824,-0.0935,0.0021,-0.183018483621134,-0.00338151637886554
35,12,"Miller et al. 2021",2021,"Cichlidae","Cichlidae","Actinopterygii",3,"Speciation rate","Sexual dichromatism","Dichromatism","Choice","Pre-mating","Both","Yes",720,0.0563,0.0014,-0.0170364847807693,0.129636484780769,0.0564,0.0014,-0.0170364847807693,0.129636484780769
36,12,"Miller et al. 2021",2021,"Cyprinidae","Cyprinidae","Actinopterygii",3,"Speciation rate","Sexual dichromatism","Dichromatism","Choice","Pre-mating","Both","Yes",1098,-0.0992,9e-04,-0.158,-0.0404,-0.0995,9e-04,-0.158,-0.0404
37,12,"Miller et al. 2021",2021,"Cyprinodontiformes","Cyprinodontiformes","Actinopterygii",3,"Speciation rate","Sexual dichromatism","Dichromatism","Choice","Pre-mating","Both","Yes",572,-0.0209,0.0017,-0.101712870262106,0.0599128702621061,-0.0209,0.0018,-0.104055757467538,0.062255757467538
38,12,"Miller et al. 2021",2021,"Gobiiformes","Gobiiformes","Actinopterygii",3,"Speciation rate","Sexual dichromatism","Dichromatism","Choice","Pre-mating","Both","Yes",482,0.1494,0.002,0.0617461352820082,0.237053864717992,0.1505,0.0021,0.0595815163788655,0.239218483621134
39,12,"Miller et al. 2021",2021,"Labriformes","Labriformes","Actinopterygii",3,"Speciation rate","Sexual dichromatism","Dichromatism","Choice","Pre-mating","Both","Yes",337,-0.014,0.003,-0.121353621271013,0.0933536212710126,-0.014,0.003,-0.121353621271013,0.0933536212710126
40,12,"Miller et al. 2021",2021,"Percidae","Percidae","Actinopterygii",3,"Speciation rate","Sexual dichromatism","Dichromatism","Choice","Pre-mating","Both","Yes",218,0.0131,0.0046,-0.119833667669255,0.146033667669255,0.0131,0.0047,-0.12127083016786,0.14747083016786
41,12,"Miller et al. 2021",2021,"Pomacentridae","Pomacentridae","Actinopterygii",3,"Speciation rate","Sexual dichromatism","Dichromatism","Choice","Pre-mating","Both","Yes",205,0.0592,0.0049,-0.078,0.1964,0.0593,0.005,-0.0793929291125633,0.197792929112563
42,12,"Miller et al. 2021",2021,"Salmoniformes","Salmoniformes","Actinopterygii",3,"Speciation rate","Sexual dichromatism","Dichromatism","Choice","Pre-mating","Both","Yes",93,-0.227,0.0098,-0.421030100757589,-0.0329698992424114,-0.231,0.0111,-0.433498813555914,-0.0205011864440863
43,12,"Miller et al. 2021",2021,"Scorpaeniformes","Scorpaeniformes","Actinopterygii",3,"Speciation rate","Sexual dichromatism","Dichromatism","Choice","Pre-mating","Both","Yes",618,0.0102,0.0016,-0.0682,0.0886,0.0102,0.0016,-0.0682,0.0886
44,12,"Miller et al. 2021",2021,"Serranidae","Serranidae","Actinopterygii",3,"Speciation rate","Sexual dichromatism","Dichromatism","Choice","Pre-mating","Both","Yes",214,-0.0545,0.0047,-0.18887083016786,0.0798708301678605,-0.0546,0.0047,-0.18887083016786,0.0798708301678605
45,12,"Miller et al. 2021",2021,"Syngnathiformes","Syngnathiformes","Actinopterygii",3,"Speciation rate","Sexual dichromatism","Dichromatism","Choice","Pre-mating","Both","Yes",162,0.0666,0.0062,-0.0877305543306315,0.220930554330632,0.0667,0.0063,-0.0889701770905979,0.222170177090598
46,12,"Miller et al. 2021",2021,"Tetraodontiformes","Tetraodontiformes","Actinopterygii",3,"Speciation rate","Sexual dichromatism","Dichromatism","Choice","Pre-mating","Both","Yes",227,0.217,0.004,0.0930387157213995,0.3409612842786,0.2205,0.0045,0.0855192029230123,0.348480797076988
47,13,"Misof 2002",2002,"Anisoptera","Anisoptera","Insecta",2,"Species richness","Sexual dichromatism","Dichromatism","Choice","Pre-mating","Both","No",16,0.7067,0.0167,0.453412179526926,0.959987820473074,0.8806,0.0769,0.163175354744608,1.25022464525539
48,14,"Phillimore et al. 2006",2006,"Aves","Aves","Aves",6,"Diversification rate","Sexual dichromatism","Dichromatism","Choice","Pre-mating","Both","Yes",104,-0.1,0.0095,-0.291037169158256,0.0910371691582557,-0.1003,0.0099,-0.295017537672898,0.0950175376728975
49,15,"Sol et al. 2005",2005,"Passeriformes","Passeriformes","Aves",6,"Species richness","Sexual dichromatism","Dichromatism","Choice","Pre-mating","Both","Yes",199,0.0187,0.005,-0.119892929112563,0.157292929112563,0.0187,0.0051,-0.12127199719944,0.15867199719944
50,16,"Arnqvist et al. 2000",2000,"Insecta","Insecta","Insecta",2,"Species richness","Mating system","Mating system","Both","Both","Both","No",25,0.4549,0.0262,0.137646284497723,0.772153715502278,0.4909,0.0455,0.0368177114490498,0.87298228855095
51,17,"Cally et al. 2021",2021,"Passeriformes","Passeriformes","Aves",6,"Speciation rate","Male-biased sexual selection","Sexual size dimorphism","Both","Pre-mating","Both","Yes",2465,0.0521,4e-04,0.0129,0.0913,0.0522,4e-04,0.0129,0.0913
52,17,"Cally et al. 2021",2021,"Passeriformes","Passeriformes","Aves",6,"Speciation rate","Sexual dichromatism","Dichromatism","Choice","Pre-mating","Both","Yes",5983,-0.0159,2e-04,-0.0436185858225127,0.0118185858225127,-0.0159,2e-04,-0.0436185858225127,0.0118185858225127
55,18,"Janicke et al. 2018",2018,"Animalia","Animalia","Animalia",8,"Species richness","Sex difference in opportunity for selection","Other","Both","Pre-mating","Both","Yes",38,0.4763,0.0162,0.226832727597386,0.725767272402614,0.5182,0.0286,0.14483392330436,0.80776607669564
56,18,"Janicke et al. 2018",2018,"Animalia","Animalia","Animalia",8,"Species richness","Male opportunity for sexual selection (cMS and gMS)","Other","Both","Both","Male","Yes",40,0.0518,0.0255,-0.261186900684358,0.364786900684358,0.0519,0.027,-0.270260863813038,0.373860863813038
57,18,"Janicke et al. 2018",2018,"Animalia","Animalia","Animalia",8,"Species richness","Female opportunity for sexual selection (cMS and gMS)","Other","Both","Both","Female","Yes",39,0.0411,0.0262,-0.276153715502277,0.358353715502277,0.0411,0.0278,-0.285697307210448,0.367897307210448
58,18,"Janicke et al. 2018",2018,"Animalia","Animalia","Animalia",8,"Species richness","Sex difference in opportunity for sexual selection","Other","Both","Both","Both","Yes",40,0.1238,0.0249,-0.185482783225966,0.433082783225966,0.1245,0.027,-0.198260863813038,0.445860863813038
59,18,"Janicke et al. 2018",2018,"Animalia","Animalia","Animalia",8,"Species richness","Male Bateman gradient (cMS and gMS)","Other","Both","Both","Male","Yes",34,0.4711,0.0183,0.205956114534014,0.736243885465986,0.5115,0.0323,0.118844865190016,0.823355134809984
60,18,"Janicke et al. 2018",2018,"Animalia","Animalia","Animalia",8,"Species richness","Female Bateman gradient (cMS and gMS)","Other","Both","Both","Female","Yes",34,0.1901,0.0282,-0.139039970225435,0.519239970225435,0.1924,0.0323,-0.162155134809984,0.542355134809984
61,18,"Janicke et al. 2018",2018,"Animalia","Animalia","Animalia",8,"Species richness","Sex difference in Bateman gradient","Other","Both","Pre-mating","Both","Yes",34,0.3587,0.023,0.0614512825931792,0.655948717406821,0.3754,0.0323,0.00644486519001602,0.710955134809984
62,19,"McGee et al. 2020",2020,"Cichlidae","Cichlidae","Actinopterygii",3,"Speciation rate","Mating system","Mating system","Both","Both","Both","Yes",1712,0.0069,6e-04,-0.0411099989585503,0.0549099989585503,0.0069,6e-04,-0.0411099989585503,0.0549099989585503
63,19,"McGee et al. 2020",2020,"Cichlidae","Cichlidae","Actinopterygii",3,"Speciation rate","Male ornamentation","Trait","Choice","Pre-mating","Male","Yes",1712,0.0188,6e-04,-0.0292099989585503,0.0668099989585503,0.0188,6e-04,-0.0292099989585503,0.0668099989585503
64,20,"Mooers and Moller 1996",1996,"Aves","Aves","Aves",6,"Species richness","Colonial breeding","Other","Both","Both","Both","No",26,-0.1154,0.0389,-0.501972425296994,0.271172425296994,-0.1159,0.0435,-0.524190410846439,0.293390410846439
65,21,"Morrow et al. 2003",2003,"Aves","Aves","Aves",6,"Species richness","Sexual size dimorphism","Sexual size dimorphism","Competition","Pre-mating","Both","Yes",133,-0.069,0.0075,-0.23874097914175,0.10074097914175,-0.0691,0.0077,-0.240989301992886,0.102989301992886
66,21,"Morrow et al. 2003",2003,"Aves","Aves","Aves",6,"Species richness","Sexual dichromatism","Dichromatism","Choice","Pre-mating","Both","Yes",180,-0.0319,0.0056,-0.178572969561539,0.114772969561539,-0.0319,0.0056,-0.178572969561539,0.114772969561539
67,21,"Morrow et al. 2003",2003,"Aves","Aves","Aves",6,"Species richness","Testis size","Trait","Competition","Post-mating","Male","Yes",178,0.0283,0.0056,-0.118372969561539,0.174972969561539,0.0283,0.0057,-0.119676754931307,0.176276754931307
68,22,"Stuart-Fox and Owens 2003",2003,"Agamidae","Agamidae","Squamata",5,"Species richness","Sexual size dimorphism","Sexual size dimorphism","Competition","Pre-mating","Both","Yes",26,-0.3578,0.0304,-0.699537677173589,-0.0160623228264112,-0.3743,0.0435,-0.766590410846439,0.0509904108464385
69,22,"Stuart-Fox and Owens 2003",2003,"Agamidae","Agamidae","Squamata",5,"Species richness","Sexual dichromatism","Dichromatism","Choice","Pre-mating","Both","Yes",26,0.3507,0.0308,0.00672139601422883,0.694678603985771,0.3663,0.0435,-0.0580904108464385,0.759490410846439
70,22,"Stuart-Fox and Owens 2003",2003,"Agamidae","Agamidae","Squamata",5,"Species richness","Sexual dichromatism","Dichromatism","Choice","Pre-mating","Both","Yes",26,-0.0316,0.0399,-0.423109693366588,0.359909693366588,-0.0316,0.0435,-0.440390410846439,0.377190410846439
71,23,"Tuschhoff and Wiens 2023",2023,"Animalia","Animalia","Animalia",8,"Diversification rate","Presence of auditory traits","Trait","Choice","Pre-mating","Both","Yes",28,0.3162,0.03,-0.0232819582834999,0.6556819582835,0.3275,0.04,-0.0758,0.7082
72,23,"Tuschhoff and Wiens 2023",2023,"Animalia","Animalia","Animalia",8,"Diversification rate","Presence of gustatory traits","Trait","Choice","Pre-mating","Both","Yes",28,0.4243,0.0249,0.115017216774034,0.733582783225966,0.4529,0.04,0.0323,0.8163
73,23,"Tuschhoff and Wiens 2023",2023,"Animalia","Animalia","Animalia",8,"Diversification rate","Presence of olfactory traits","Trait","Choice","Pre-mating","Both","Yes",28,0.2236,0.0334,-0.134603070896942,0.581803070896942,0.2274,0.04,-0.1684,0.6156
74,23,"Tuschhoff and Wiens 2023",2023,"Animalia","Animalia","Animalia",8,"Diversification rate","Presence of tactile traits","Trait","Choice","Pre-mating","Both","Yes",28,0.4796,0.022,0.18888501930585,0.77031498069415,0.5224,0.04,0.0876,0.8716
75,23,"Tuschhoff and Wiens 2023",2023,"Animalia","Animalia","Animalia",8,"Diversification rate","Presence of visual traits","Trait","Choice","Pre-mating","Both","Yes",28,0.4,0.0261,0.0833523093404911,0.716647690659509,0.4236,0.04,0.00800000000000001,0.792
76,23,"Tuschhoff and Wiens 2023",2023,"Animalia","Animalia","Animalia",8,"Diversification rate","Male-male competition traits","Trait","Competition","Pre-mating","Male","Yes",28,0.4,0.0261,0.0833523093404911,0.716647690659509,0.4236,0.04,0.00800000000000001,0.792
77,23,"Tuschhoff and Wiens 2023",2023,"Animalia","Animalia","Animalia",8,"Diversification rate","Female choice traits","Trait","Choice","Pre-mating","Female","Yes",28,0.4359,0.0243,0.13036623754485,0.74143376245515,0.4671,0.04,0.0439,0.8279
78,23,"Tuschhoff and Wiens 2023",2023,"Animalia","Animalia","Animalia",8,"Diversification rate","Female-female competition traits","Trait","Competition","Pre-mating","Female","Yes",28,0.3464,0.0287,0.0143549428164906,0.678445057183509,0.3614,0.04,-0.0456,0.7384
79,23,"Tuschhoff and Wiens 2023",2023,"Animalia","Animalia","Animalia",8,"Diversification rate","Male choice traits","Trait","Choice","Pre-mating","Male","Yes",28,0.2236,0.0334,-0.134603070896942,0.581803070896942,0.2274,0.04,-0.1684,0.6156
80,23,"Tuschhoff and Wiens 2023",2023,"Animalia","Animalia","Animalia",8,"Diversification rate","Sexual conflict trait","Other","Both","Both","Both","Yes",28,0.4243,0.0249,0.115017216774034,0.733582783225966,0.4529,0.04,0.0323,0.8163
81,24,"Wagner et al. 2012",2012,"Cichlidae","Cichlidae","Actinopterygii",3,"Diversification rate","Mating system","Mating system","Both","Both","Both","Yes",161,0.0756,0.0062,-0.0787305543306315,0.229930554330632,0.0757,0.0063,-0.0799701770905979,0.231170177090598
82,24,"Wagner et al. 2012",2012,"Cichlidae","Cichlidae","Actinopterygii",3,"Diversification rate","Sexual dichromatism","Dichromatism","Choice","Pre-mating","Both","Yes",161,0.1369,0.006,-0.0149209471713307,0.288720947171331,0.1377,0.0063,-0.0186701770905979,0.292470177090598
83,25,"Nicolai et al. 2024",2024,"Nectariniidae","Nectariniidae","Aves",6,"Speciation rate","Male colour complexity","Trait","Choice","Pre-mating","Male","Yes",77,0.0447,0.0131,-0.179632253588288,0.269032253588288,0.0448,0.0135,-0.183031420756996,0.272431420756996
84,25,"Nicolai et al. 2024",2024,"Nectariniidae","Nectariniidae","Aves",6,"Speciation rate","Female colour complexity","Trait","Choice","Pre-mating","Female","Yes",53,0.2966,0.016,0.0486774314427991,0.544522568557201,0.3058,0.02,0.0194141417748733,0.573785858225127
85,25,"Nicolai et al. 2024",2024,"Nectariniidae","Nectariniidae","Aves",6,"Speciation rate","Dichromatism of crown","Dichromatism","Choice","Pre-mating","Both","Yes",39,0.3715,0.0196,0.0971,0.6459,0.3901,0.0278,0.0447026927895519,0.698297307210448
86,25,"Nicolai et al. 2024",2024,"Nectariniidae","Nectariniidae","Aves",6,"Speciation rate","Dichromatism of mantle","Dichromatism","Choice","Pre-mating","Both","Yes",17,0.1924,0.058,-0.279630507488658,0.664430507488658,0.1948,0.0714,-0.331327257262786,0.716127257262786
87,25,"Nicolai et al. 2024",2024,"Nectariniidae","Nectariniidae","Aves",6,"Speciation rate","Dichromatism of throat","Dichromatism","Choice","Pre-mating","Both","Yes",72,0.2324,0.0126,0.0123905456576923,0.452409454342308,0.2367,0.0145,-0.003615253744329,0.468415253744329
88,25,"Nicolai et al. 2024",2024,"Nectariniidae","Nectariniidae","Aves",6,"Speciation rate","Dichromatism of breastband 1","Dichromatism","Choice","Pre-mating","Both","Yes",36,0.2775,0.0243,-0.0280337624551499,0.58303376245515,0.285,0.0303,-0.0636751456363725,0.618675145636373
89,25,"Nicolai et al. 2024",2024,"Nectariniidae","Nectariniidae","Aves",6,"Speciation rate","Dichromatism of breastband 2","Dichromatism","Choice","Pre-mating","Both","Yes",36,0.2236,0.0258,-0.0912226167224966,0.538422616722497,0.2274,0.0303,-0.117575145636373,0.564775145636373
90,25,"Nicolai et al. 2024",2024,"Nectariniidae","Nectariniidae","Aves",6,"Speciation rate","Dichromatism of belly","Dichromatism","Choice","Pre-mating","Both","Yes",87,0.345,0.009,0.159058073582099,0.530941926417901,0.3597,0.0119,0.13118924255314,0.55881075744686
91,26,"DeLisle and Rowe 2015",2015,"Amphibia","Amphibia","Amphibia",4,"Diversification rate","Sexual size dimorphism","Sexual size dimorphism","Competition","Pre-mating","Both","Yes",46,-0.4415,0.0144,-0.6767,-0.2063,-0.4741,0.0233,-0.740681015440485,-0.142318984559515
92,26,"DeLisle and Rowe 2015",2015,"Amphibia","Amphibia","Amphibia",4,"Species richness","Sexual size dimorphism","Sexual size dimorphism","Competition","Pre-mating","Both","Yes",44,-0.3027,0.0192,-0.5742855666268,-0.0311144333732001,-0.3125,0.0244,-0.608861787295541,0.00346178729554086
93,27,"Emberts and Wiens 2021",2021,"Scarabaeoidea","Scarabaeoidea","Insecta",2,"Diversification rate","Presence of weaponry","Trait","Competition","Pre-mating","Both","Yes",11,0.499,0.0564,0.0335257901881136,0.964474209811886,0.548,0.125,-0.193964645562817,1.19196464556282
94,27,"Emberts and Wiens 2021",2021,"Phasmatodea","Phasmatodea","Insecta",2,"Diversification rate","Presence of weaponry","Trait","Competition","Pre-mating","Both","Yes",19,0.3536,0.0425,-0.0504643513105307,0.757664351310531,0.3695,0.0625,-0.1364,0.8436
95,28,"Gomes et al. 2016",2016,"Estrildidae","Estrildidae","Aves",6,"Speciation rate","Male maximum plumage saturation","Trait","Choice","Pre-mating","Male","Yes",132,0.0512,0.0076,-0.119668838586794,0.222068838586794,0.0512,0.0078,-0.121902512980026,0.224302512980026
96,28,"Gomes et al. 2016",2016,"Estrildidae","Estrildidae","Aves",6,"Speciation rate","Male mean plumage saturation","Trait","Choice","Pre-mating","Male","Yes",132,0.0122,0.0076,-0.158668838586794,0.183068838586794,0.0122,0.0078,-0.160902512980026,0.185302512980026
97,28,"Gomes et al. 2016",2016,"Estrildidae","Estrildidae","Aves",6,"Speciation rate","Male plumage achromatic difference","Trait","Choice","Pre-mating","Male","Yes",132,-0.0055,0.0076,-0.176368838586794,0.165368838586794,-0.0055,0.0078,-0.178602512980026,0.167602512980026
98,28,"Gomes et al. 2016",2016,"Estrildidae","Estrildidae","Aves",6,"Speciation rate","Male extent of ornamental colours","Trait","Choice","Pre-mating","Male","Yes",132,0.0386,0.0076,-0.132268838586794,0.209468838586794,0.0387,0.0078,-0.134502512980026,0.211702512980026
99,28,"Gomes et al. 2016",2016,"Estrildidae","Estrildidae","Aves",6,"Speciation rate","Male bill colour","Trait","Choice","Pre-mating","Male","Yes",132,-0.0177,0.0076,-0.188568838586794,0.153168838586794,-0.0177,0.0078,-0.190802512980026,0.155402512980026
100,28,"Gomes et al. 2016",2016,"Estrildidae","Estrildidae","Aves",6,"Speciation rate","Female maximum plumage saturation","Trait","Choice","Pre-mating","Female","Yes",123,0.0401,0.0082,-0.137385548707493,0.217585548707493,0.0401,0.0083,-0.138464498151228,0.218664498151228
101,28,"Gomes et al. 2016",2016,"Estrildidae","Estrildidae","Aves",6,"Speciation rate","Female mean plumage saturation","Trait","Choice","Pre-mating","Female","Yes",123,-0.0023,0.0082,-0.179785548707493,0.175185548707493,-0.0023,0.0083,-0.180864498151228,0.176264498151228
102,28,"Gomes et al. 2016",2016,"Estrildidae","Estrildidae","Aves",6,"Speciation rate","Female plumage achromatic difference","Trait","Choice","Pre-mating","Female","Yes",123,-0.0544,0.0081,-0.2308,0.122,-0.0545,0.0083,-0.232964498151228,0.124164498151228
103,28,"Gomes et al. 2016",2016,"Estrildidae","Estrildidae","Aves",6,"Speciation rate","Female extent of ornamental colours","Trait","Choice","Pre-mating","Female","Yes",123,0.109,0.008,-0.0663077294359835,0.284307729435984,0.1095,0.0083,-0.0695644981512283,0.287564498151228
104,28,"Gomes et al. 2016",2016,"Estrildidae","Estrildidae","Aves",6,"Speciation rate","Female bill colour","Trait","Choice","Pre-mating","Female","Yes",123,-0.0184,0.0082,-0.195885548707493,0.159085548707493,-0.0184,0.0083,-0.196964498151228,0.160164498151228
105,29,"Huang and Rabosky 2014",2014,"Aves","Aves","Aves",6,"Speciation rate","Sexual dichromatism (PCA)","Dichromatism","Choice","Pre-mating","Both","Yes",108,0.0889,0.0092,-0.0990965957138586,0.276896595713859,0.0892,0.0095,-0.102137169158256,0.279937169158256
106,29,"Huang and Rabosky 2014",2014,"Aves","Aves","Aves",6,"Speciation rate","Sexual dichromatism (Segment classification)","Dichromatism","Choice","Pre-mating","Both","Yes",108,0.0362,0.0093,-0.152815554915462,0.225215554915462,0.0362,0.0095,-0.154837169158256,0.227237169158256
107,29,"Huang and Rabosky 2014",2014,"Aves","Aves","Aves",6,"Speciation rate","Sexual dichromatism (Colour discriminability)","Dichromatism","Choice","Pre-mating","Both","Yes",108,0.0703,0.0093,-0.118715554915462,0.259315554915462,0.0704,0.0095,-0.120737169158256,0.261337169158256
108,30,"Krueger 2008",2008,"Accipitridae","Accipitridae","Aves",6,"Species richness","Sexual dichromatism","Dichromatism","Choice","Pre-mating","Both","Yes",52,0.298,0.0163,0.0477639514378474,0.548236048562153,0.3073,0.0204,0.0180560056011203,0.57794399439888
109,30,"Krueger 2008",2008,"Accipitridae","Accipitridae","Aves",6,"Species richness","Mating system","Mating system","Both","Both","Both","Yes",52,0.348,0.0151,0.107151167742088,0.588848832257912,0.3632,0.0204,0.0680560056011202,0.62794399439888
110,30,"Krueger 2008",2008,"Accipitridae","Accipitridae","Aves",6,"Species richness","Sexual size dimorphism","Sexual size dimorphism","Competition","Pre-mating","Both","Yes",50,0.058,0.0203,-0.22125701423599,0.33725701423599,0.0581,0.0213,-0.228052582578798,0.344052582578798
111,31,"Mitra et al. 1996",1996,"Aves","Aves","Aves",6,"Species richness","Mating system","Mating system","Both","Both","Both","No",14,0.4354,0.0505,-0.00505521906318696,0.875855219063187,0.4665,0.0909,-0.155532686521908,1.02633268652191
112,32,"Moller and Cuervo 1998",1998,"Aves","Aves","Aves",6,"Species richness","Sexual dichromatism","Dichromatism","Choice","Pre-mating","Both","No",68,0.3178,0.0121,0.1022,0.5334,0.3292,0.0154,0.0745703965385792,0.561029603461421
113,32,"Moller and Cuervo 1998",1998,"Aves","Aves","Aves",6,"Species richness","Mating system","Mating system","Both","Both","Both","No",67,0.294,0.0126,0.0739905456576923,0.514009454342308,0.303,0.0156,0.0491960784627828,0.538803921537217
114,33,"Seddon et al. 2008",2008,"Thamnophilidae","Thamnophilidae","Aves",6,"Species richness","Sexual dichromatism","Dichromatism","Choice","Pre-mating","Both","Yes",51,0.3316,0.0158,0.0852318202364599,0.57796817976354,0.3446,0.0208,0.0489247800036233,0.614275219996377
115,33,"Seddon et al. 2008",2008,"Thamnophilidae","Thamnophilidae","Aves",6,"Species richness","Song pitch and bandwidth","Trait","Choice","Pre-mating","Male","Yes",51,0.1831,0.0187,-0.0849259688910759,0.451125968891076,0.1852,0.0208,-0.0995752199963767,0.465775219996377
116,33,"Seddon et al. 2008",2008,"Thamnophilidae","Thamnophilidae","Aves",6,"Species richness","Song note type, pace and number","Trait","Choice","Pre-mating","Male","Yes",51,0.0629,0.0198,-0.212896446677618,0.338696446677618,0.063,0.0208,-0.219775219996377,0.345575219996377
120,34,"Issac et al. 2005",2005,"Mammalia","Mammalia","Mammalia",7,"Species richness","Sexual mass dimorphism","Sexual size dimorphism","Competition","Pre-mating","Both","Yes",302,-0.0789,0.0033,-0.191493427872145,0.0336934278721454,-0.079,0.0033,-0.191493427872145,0.0336934278721454
121,34,"Issac et al. 2005",2005,"Mammalia","Mammalia","Mammalia",7,"Species richness","Sexual length dimorphism","Sexual size dimorphism","Competition","Pre-mating","Both","Yes",69,0.084,0.0145,-0.152015253744329,0.320015253744329,0.0842,0.0152,-0.157645028916384,0.325645028916384
122,35,"Ellis and Oakley 2016",2016,"Animalia","Animalia","Animalia",8,"Species richness","Bioluminescent courtship","Trait","Choice","Pre-mating","Both","No",10,0.6268,0.041,0.229930248066195,1.02366975193381,0.7361,0.1429,-0.114121480320283,1.36772148032028
123,36,"Cardoso and Mota 2008",2008,"Carduelis","Carduelis","Aves",6,"Speciation rate","Male plumage colouration","Trait","Choice","Pre-mating","Male","Yes",23,0.19,0.0422,-0.212635716249813,0.592635716249813,0.1923,0.05,-0.248269323589959,0.628269323589959
124,36,"Cardoso and Mota 2008",2008,"Carduelis","Carduelis","Aves",6,"Speciation rate","Male plumage carotenoids","Trait","Choice","Pre-mating","Male","Yes",23,0.21,0.0415,-0.189282356234282,0.609282356234282,0.2132,0.05,-0.228269323589959,0.648269323589959
125,36,"Cardoso and Mota 2008",2008,"Carduelis","Carduelis","Aves",6,"Speciation rate","Male plumage melanin","Trait","Choice","Pre-mating","Male","Yes",23,0.06,0.0451,-0.356240507399268,0.476240507399268,0.0601,0.05,-0.378269323589959,0.498269323589959
129,36,"Cardoso and Mota 2008",2008,"Carduelis","Carduelis","Aves",6,"Speciation rate","Female plumage colouration","Trait","Choice","Pre-mating","Female","Yes",23,-0.07,0.045,-0.48577878733769,0.34577878733769,-0.0701,0.05,-0.508269323589959,0.368269323589959
130,36,"Cardoso and Mota 2008",2008,"Carduelis","Carduelis","Aves",6,"Speciation rate","Female plumage carotenoids","Trait","Choice","Pre-mating","Female","Yes",23,-0.02,0.0454,-0.437622604752185,0.397622604752185,-0.02,0.05,-0.458269323589959,0.418269323589959
131,36,"Cardoso and Mota 2008",2008,"Carduelis","Carduelis","Aves",6,"Speciation rate","Female plumage melanin","Trait","Choice","Pre-mating","Female","Yes",23,0,0.0455,-0.41808228855095,0.41808228855095,0,0.05,-0.438269323589959,0.438269323589959
135,37,"Svensson and Waller 2013",2013,"Calopterygidae","Calopterygidae","Insecta",2,"Speciation rate","Wing pigmentation","Trait","Choice","Pre-mating","Male","Yes",161,0.1619,0.0059,0.0113495433417753,0.312450456658225,0.1633,0.0063,0.00632982290940207,0.317470177090598
136,38,"Seddon et al. 2013",2013,"Aves","Aves","Aves",6,"Diversification rate","Sexual dichromatism","Dichromatism","Choice","Pre-mating","Both","Yes",39,0.1056,0.0257,-0.208611903020875,0.419811903020875,0.106,0.0278,-0.221197307210448,0.432397307210448
137,39,"Magnuson-Ford and Otto 2012",2012,"Primates","Primates","Mammalia",7,"Speciation rate","Mating system","Mating system","Both","Both","Both","Yes",146,0.1503,0.0066,-0.00893115273086484,0.309531152730865,0.1514,0.007,-0.0136853652006788,0.314285365200679
138,40,"FitzJohn et al. 2009",2009,"Charadriiformes","Charadriiformes","Aves",6,"Speciation rate","Sexual size dimorphism","Sexual size dimorphism","Competition","Pre-mating","Both","Yes",350,0.1098,0.0028,0.00608654860626805,0.213513451393732,0.1102,0.0029,0.00425076978016373,0.215349230219836
139,41,"Hendry et al. 2014",2014,"Crotalinae","Crotalinae","Squamata",5,"Speciation rate","Sexual size dimorphism","Sexual size dimorphism","Competition","Pre-mating","Both","Yes",80,-0.0841,0.0125,-0.303234661794979,0.135034661794979,-0.0843,0.013,-0.307574383319431,0.139374383319431
142,43,"Murali et al. 2023",2023,"Iguania","Iguania","Squamata",5,"Diversification rate","Presence of follicular glands","Trait","Choice","Pre-mating","Male","Yes",2002,0.0342,5e-04,-0.00962693235899588,0.0780269323589959,0.0342,5e-04,-0.00962693235899588,0.0780269323589959
143,43,"Murali et al. 2023",2023,"Gekkota","Gekkota","Squamata",5,"Diversification rate","Presence of follicular glands","Trait","Choice","Pre-mating","Male","Yes",2095,0.0035,5e-04,-0.0403269323589959,0.0473269323589959,0.0035,5e-04,-0.0403269323589959,0.0473269323589959
144,44,"Cooney et al. 2017",2017,"Passeriformes","Passeriformes","Aves",6,"Speciation rate","Sexual dichromatism","Dichromatism","Choice","Pre-mating","Both","Yes",144,0.1109,0.0068,-0.0507257405242123,0.272525740524212,0.1113,0.0071,-0.0542525355542566,0.276052535554257
145,45,"Maia et al. 2013",2013,"Sturnidae","Sturnidae","Aves",6,"Speciation rate","Presence of derived melanosomes","Trait","Choice","Pre-mating","Both","Yes",113,0.2225,0.0081,0.0461,0.3989,0.2263,0.0091,0.0355279165222787,0.409472083477721
146,46,"Alfaro et al. 2009",2009,"Labridae","Labridae","Actinopterygii",3,"Diversification rate","Sexual dichromatism","Dichromatism","Choice","Pre-mating","Both","Yes",131,0.2976,0.0064,0.1408,0.4544,0.3069,0.0078,0.124497487019974,0.470702512980026
149,48,"Iglesias-Carrasco et al. 2019",2019,"Aves","Aves","Aves",6,"Diversification rate","Mating system","Mating system","Both","Both","Both","Yes",173,0.1953,0.0054,0.0512700031243491,0.339329996875651,0.1979,0.0059,0.0447495433417753,0.345850456658225
150,49,"De Solan et al. 2023",2023,"Lacertidae","Lacertidae","Squamata",5,"Speciation rate","Male colouration","Trait","Choice","Pre-mating","Male","Yes",297,0.0135,0.0034,-0.100786657138968,0.127786657138968,0.0135,0.0034,-0.100786657138968,0.127786657138968
151,50,"Luria-Manzano et al. 2023",2023,"Hylinae","Hylinae","Amphibia",4,"Speciation rate","Physical combat","Trait","Choice","Pre-mating","Male","Yes",33,-0.3366,0.0246,-0.644013987970619,-0.0291860120293808,-0.3503,0.0333,-0.694266436781535,0.0210664367815353
152,50,"Luria-Manzano et al. 2023",2023,"Hylinae","Hylinae","Amphibia",4,"Speciation rate","Territorial call","Trait","Competition","Pre-mating","Male","Yes",33,0.5076,0.0172,0.250548409847362,0.764651590152639,0.5595,0.0333,0.149933563218465,0.865266436781535
153,51,"Portik et al. 2019",2019,"Hyperoliidae","Hyperoliidae","Amphibia",4,"Speciation rate","Sexual dichromatism","Dichromatism","Choice","Pre-mating","Both","Yes",283,0.1347,0.0034,0.0204133428610321,0.248986657138968,0.1355,0.0036,0.0171,0.2523
154,52,"Januario et al. 2024",2024,"Vertebrata","Vertebrata","Animalia",8,"Speciation rate","Male opportunity for sexual selection (cMS)","Other","Both","Pre-mating","Male","Yes",21,-0.06,0.0496,-0.496512726045874,0.376512726045874,-0.0601,0.0556,-0.522161184004023,0.402161184004023
155,52,"Januario et al. 2024",2024,"Vertebrata","Vertebrata","Animalia",8,"Speciation rate","Male opportunity for sexual selection (gMS)","Other","Both","Both","Male","Yes",53,0.0173,0.0192,-0.2542855666268,0.2888855666268,0.0173,0.02,-0.259885858225127,0.294485858225127
156,52,"Januario et al. 2024",2024,"Vertebrata","Vertebrata","Animalia",8,"Speciation rate","Male Bateman gradient (cMS)","Other","Both","Pre-mating","Male","Yes",6,0.1196,0.1943,-0.74435768414894,0.98355768414894,0.1202,0.3333,-1.01194994587071,1.25114994587071
157,52,"Januario et al. 2024",2024,"Vertebrata","Vertebrata","Animalia",8,"Speciation rate","Male Bateman gradient (gMS)","Other","Both","Both","Male","Yes",36,0.1972,0.0264,-0.12126230546173,0.51566230546173,0.1998,0.0303,-0.143975145636373,0.538375145636373
158,52,"Januario et al. 2024",2024,"Vertebrata","Vertebrata","Animalia",8,"Speciation rate","Female opportunity for sexual selection (cMS)","Other","Both","Pre-mating","Female","Yes",15,0.0332,0.0713,-0.490160372974493,0.556560372974493,0.0332,0.0833,-0.532490091834743,0.598890091834743
159,52,"Januario et al. 2024",2024,"Vertebrata","Vertebrata","Animalia",8,"Speciation rate","Female opportunity for sexual selection (gMS)","Other","Both","Both","Female","Yes",48,0.11,0.0208,-0.172675219996377,0.392675219996377,0.1104,0.0222,-0.182033422744726,0.402033422744726
160,52,"Januario et al. 2024",2024,"Vertebrata","Vertebrata","Animalia",8,"Speciation rate","Female Bateman gradient (gMS)","Other","Both","Both","Female","Yes",32,-0.0332,0.0322,-0.384909425520557,0.318509425520557,-0.0332,0.0345,-0.397253842171732,0.330853842171732
